{
	"credit": "Made with Blockbench",
	"parent": "minecraft:block/rail_flat",
	"texture_size": [64, 64],
	"textures": {
		"2": "block/3ddetector_rail",
		"particle": "block/detector_rail"
	},
	"elements": [
		{
			"from": [0, 0.05, 0],
			"to": [16, 0.05, 16],
			"rotation": {"angle": 0, "axis": "y", "origin": [0, -0.95, 0]},
			"faces": {
				"up": {"uv": [4, 4, 0, 0], "texture": "#2"},
				"down": {"uv": [4, 4, 0, 8], "texture": "#2"}
			}
		},
		{
			"from": [2, 0.075, 0],
			"to": [4, 1.075, 16],
			"rotation": {"angle": 0, "axis": "y", "origin": [2, -0.9, 0]},
			"faces": {
				"north": {"uv": [6, 1, 6.5, 1.25], "texture": "#2"},
				"east": {"uv": [5.5, 4, 9.5, 4.25], "texture": "#2"},
				"south": {"uv": [6, 1.25, 6.5, 1.5], "texture": "#2"},
				"west": {"uv": [5.5, 4.25, 9.5, 4.5], "texture": "#2"},
				"up": {"uv": [4.5, 7, 4, 3], "texture": "#2"},
				"down": {"uv": [5, 3, 4.5, 7], "texture": "#2"}
			}
		},
		{
			"from": [12, 0.075, 0],
			"to": [14, 1.075, 16],
			"rotation": {"angle": 0, "axis": "y", "origin": [12, -0.9, 0]},
			"faces": {
				"north": {"uv": [6, 1.5, 6.5, 1.75], "texture": "#2"},
				"east": {"uv": [5.5, 4.5, 9.5, 4.75], "texture": "#2"},
				"south": {"uv": [6, 1.75, 6.5, 2], "texture": "#2"},
				"west": {"uv": [5.5, 4.75, 9.5, 5], "texture": "#2"},
				"up": {"uv": [5.5, 7, 5, 3], "texture": "#2"},
				"down": {"uv": [6, 0, 5.5, 4], "texture": "#2"}
			}
		},
		{
			"from": [5, 0, 5],
			"to": [11, 2, 11],
			"rotation": {"angle": 0, "axis": "y", "origin": [7, 0, 9]},
			"faces": {
				"north": {"uv": [5.5, 5, 7, 5.5], "texture": "#2"},
				"east": {"uv": [5.5, 5.5, 7, 6], "texture": "#2"},
				"south": {"uv": [6, 0, 7.5, 0.5], "texture": "#2"},
				"west": {"uv": [6, 0.5, 7.5, 1], "texture": "#2"},
				"up": {"uv": [5.5, 1.5, 4, 0], "texture": "#2"},
				"down": {"uv": [5.5, 1.5, 4, 3], "texture": "#2"}
			}
		}
	]
}