{
	"credit": "Made with Blockbench",
	"texture_size": [32, 32],
	"textures": {
		"1": "block/3drail_corner",
		"particle": "block/rail_corner"
	},
	"elements": [
		{
			"from": [0, 0.05, 0],
			"to": [16, 0.05, 16],
			"faces": {
				"up": {"uv": [8, 8, 0, 0], "texture": "#1"},
				"down": {"uv": [8, 8, 0, 16], "texture": "#1"}
			}
		},
		{
			"from": [13, 0.075, 12],
			"to": [16, 1.075, 14],
			"rotation": {"angle": 0, "axis": "y", "origin": [14, -0.05, 12]},
			"faces": {
				"north": {"uv": [10, 9.5, 11.5, 10], "texture": "#1"},
				"east": {"uv": [8, 10, 9, 10.5], "texture": "#1"},
				"south": {"uv": [10, 10, 11.5, 10.5], "texture": "#1"},
				"west": {"uv": [11, 6, 12, 6.5], "texture": "#1"},
				"up": {"uv": [10.5, 5, 9, 4], "texture": "#1"},
				"down": {"uv": [10.5, 5, 9, 6], "texture": "#1"}
			}
		},
		{
			"from": [12, 0.075, 13],
			"to": [14, 1.075, 16],
			"rotation": {"angle": 0, "axis": "y", "origin": [13, -0.05, 14]},
			"faces": {
				"north": {"uv": [11, 6.5, 12, 7], "texture": "#1"},
				"east": {"uv": [10.5, 4, 12, 4.5], "texture": "#1"},
				"south": {"uv": [11, 7, 12, 7.5], "texture": "#1"},
				"west": {"uv": [10.5, 4.5, 12, 5], "texture": "#1"},
				"up": {"uv": [10, 7.5, 9, 6], "texture": "#1"},
				"down": {"uv": [10, 7.5, 9, 9], "texture": "#1"}
			}
		},
		{
			"from": [2, 0.075, 6],
			"to": [4, 1.075, 16],
			"rotation": {"angle": 0, "axis": "y", "origin": [2, -0.05, 14]},
			"faces": {
				"north": {"uv": [8, 11, 9, 11.5], "texture": "#1"},
				"east": {"uv": [9, 2, 14, 2.5], "texture": "#1"},
				"south": {"uv": [9, 11, 10, 11.5], "texture": "#1"},
				"west": {"uv": [9, 2.5, 14, 3], "texture": "#1"},
				"up": {"uv": [9, 5, 8, 0], "texture": "#1"},
				"down": {"uv": [9, 5, 8, 10], "texture": "#1"}
			}
		},
		{
			"from": [6, 0.075, 2],
			"to": [16, 1.075, 4],
			"rotation": {"angle": 0, "axis": "y", "origin": [14, -0.05, 4]},
			"faces": {
				"north": {"uv": [9, 3, 14, 3.5], "texture": "#1"},
				"east": {"uv": [11, 11, 12, 11.5], "texture": "#1"},
				"south": {"uv": [9, 3.5, 14, 4], "texture": "#1"},
				"west": {"uv": [11.5, 7.5, 12.5, 8], "texture": "#1"},
				"up": {"uv": [14, 1, 9, 0], "texture": "#1"},
				"down": {"uv": [14, 1, 9, 2], "texture": "#1"}
			}
		},
		{
			"from": [3, 0.075, 4],
			"to": [5, 1.075, 7],
			"rotation": {"angle": 0, "axis": "y", "origin": [3, -0.05, 7]},
			"faces": {
				"north": {"uv": [10, 11, 11, 11.5], "texture": "#1"},
				"east": {"uv": [10.5, 5, 12, 5.5], "texture": "#1"},
				"south": {"uv": [11, 10.5, 12, 11], "texture": "#1"},
				"west": {"uv": [10.5, 5.5, 12, 6], "texture": "#1"},
				"up": {"uv": [10, 10.5, 9, 9], "texture": "#1"},
				"down": {"uv": [11, 6, 10, 7.5], "texture": "#1"}
			}
		},
		{
			"from": [4, 0.075, 3],
			"to": [7, 1.075, 5],
			"rotation": {"angle": 0, "axis": "y", "origin": [6, -0.05, 3]},
			"faces": {
				"north": {"uv": [8, 10.5, 9.5, 11], "texture": "#1"},
				"east": {"uv": [8, 11.5, 9, 12], "texture": "#1"},
				"south": {"uv": [9.5, 10.5, 11, 11], "texture": "#1"},
				"west": {"uv": [11.5, 8, 12.5, 8.5], "texture": "#1"},
				"up": {"uv": [11.5, 8.5, 10, 7.5], "texture": "#1"},
				"down": {"uv": [11.5, 8.5, 10, 9.5], "texture": "#1"}
			}
		}
	],
	"groups": [
		0,
		{
			"name": "rails",
			"origin": [0, 0, 0],
			"color": 0,
			"children": [1, 2, 3, 4, 5, 6]
		}
	]
}