{
	"credit": "Made with Blockbench",
	"texture_size": [64, 64],
	"textures": {
		"1": "block/3drail",
		"particle": "block/rail"
	},
	"elements": [
		{
			"from": [0, 0.05, 0],
			"to": [16, 0.05, 16],
			"rotation": {"angle": 0, "axis": "y", "origin": [0, -0.95, 0]},
			"faces": {
				"up": {"uv": [4, 4, 0, 0], "texture": "#1"},
				"down": {"uv": [4, 4, 0, 8], "texture": "#1"}
			}
		},
		{
			"from": [2, 0.075, 0],
			"to": [4, 1.075, 16],
			"rotation": {"angle": 0, "axis": "y", "origin": [2, -0.9, 0]},
			"faces": {
				"north": {"uv": [5.5, 1.5, 5, 1.75], "texture": "#1"},
				"east": {"uv": [5, 0.75, 9, 1], "texture": "#1"},
				"south": {"uv": [5.5, 1.75, 5, 2], "texture": "#1"},
				"west": {"uv": [5, 0.5, 9, 0.75], "texture": "#1"},
				"up": {"uv": [4.5, 4, 5, 0], "texture": "#1"},
				"down": {"uv": [4.5, 4, 5, 8], "texture": "#1"}
			}
		},
		{
			"from": [12, 0.075, 0],
			"to": [14, 1.075, 16],
			"rotation": {"angle": 0, "axis": "y", "origin": [12, -0.9, 0]},
			"faces": {
				"north": {"uv": [5.5, 1, 5, 1.25], "texture": "#1"},
				"east": {"uv": [5, 0.25, 9, 0.5], "texture": "#1"},
				"south": {"uv": [5.5, 1.25, 5, 1.5], "texture": "#1"},
				"west": {"uv": [4, 4, 4.25, 8], "rotation": 90, "texture": "#1"},
				"up": {"uv": [4, 4, 4.5, 0], "texture": "#1"},
				"down": {"uv": [4, 4, 4.5, 8], "texture": "#1"}
			}
		}
	]
}