{
	"credit": "Made with Blockbench",
	"texture_size": [128, 128],
	"textures": {
		"3": "block/3drail_raised_ne",
		"particle": "block/rail"
	},
	"elements": [
		{
			"from": [0, 0.05, -7.25],
			"to": [16, 0.05, 15.75],
			"rotation": {"angle": 45, "axis": "x", "origin": [8, 0.1, 15.75]},
			"faces": {
				"up": {"uv": [4.875, 2.875, 2.875, 0], "texture": "#3"},
				"down": {"uv": [6.875, 0, 4.875, 2.875], "texture": "#3"}
			}
		},
		{
			"from": [2, 0.075, -7.25],
			"to": [4, 1.075, 15.75],
			"rotation": {"angle": 45, "axis": "x", "origin": [8, 0.1, 15.75]},
			"faces": {
				"north": {"uv": [2.875, 5.75, 3.125, 5.875], "texture": "#3"},
				"east": {"uv": [0, 5.75, 2.875, 5.875], "texture": "#3"},
				"south": {"uv": [6, 5.75, 6.25, 5.875], "texture": "#3"},
				"west": {"uv": [3.125, 5.75, 6, 5.875], "texture": "#3"},
				"up": {"uv": [3.125, 5.75, 2.875, 2.875], "texture": "#3"},
				"down": {"uv": [3.375, 2.875, 3.125, 5.75], "texture": "#3"}
			}
		},
		{
			"from": [12, 0.075, -7.25],
			"to": [14, 1.075, 15.75],
			"rotation": {"angle": 45, "axis": "x", "origin": [8, 0.1, 15.75]},
			"faces": {
				"north": {"uv": [2.875, 8.75, 3.125, 8.875], "texture": "#3"},
				"east": {"uv": [0, 8.75, 2.875, 8.875], "texture": "#3"},
				"south": {"uv": [6, 8.75, 6.25, 8.875], "texture": "#3"},
				"west": {"uv": [3.125, 8.75, 6, 8.875], "texture": "#3"},
				"up": {"uv": [3.125, 8.75, 2.875, 5.875], "texture": "#3"},
				"down": {"uv": [3.375, 5.875, 3.125, 8.75], "texture": "#3"}
			}
		}
	],
	"groups": [
		{
			"name": "Rail",
			"origin": [8, 0.1, 16],
			"color": 0,
			"children": [0, 1, 2]
		}
	]
}