{
	"credit": "Made with Blockbench",
	"texture_size": [128, 128],
	"textures": {
		"2": "block/3drail_raised_sw",
		"particle": "block/rail"
	},
	"elements": [
		{
			"from": [0, 8.11949, -3.23147],
			"to": [16, 8.11949, 19.76853],
			"rotation": {"angle": -45, "axis": "x", "origin": [8, 8.38199, 8.26853]},
			"faces": {
				"up": {"uv": [4.875, 2.875, 2.875, 0], "texture": "#2"},
				"down": {"uv": [6.875, 0, 4.875, 2.875], "texture": "#2"}
			}
		},
		{
			"from": [2, 8.14449, -3.23147],
			"to": [4, 9.14449, 19.76853],
			"rotation": {"angle": -45, "axis": "x", "origin": [8, 8.38199, 8.26853]},
			"faces": {
				"north": {"uv": [2.875, 5.75, 3.125, 5.875], "texture": "#2"},
				"east": {"uv": [0, 5.75, 2.875, 5.875], "texture": "#2"},
				"south": {"uv": [6, 5.75, 6.25, 5.875], "texture": "#2"},
				"west": {"uv": [3.125, 5.75, 6, 5.875], "texture": "#2"},
				"up": {"uv": [3.125, 5.75, 2.875, 2.875], "texture": "#2"},
				"down": {"uv": [3.375, 2.875, 3.125, 5.75], "texture": "#2"}
			}
		},
		{
			"from": [12, 8.14449, -3.23147],
			"to": [14, 9.14449, 19.76853],
			"rotation": {"angle": -45, "axis": "x", "origin": [8, 8.38199, 8.26853]},
			"faces": {
				"north": {"uv": [2.875, 8.75, 3.125, 8.875], "texture": "#2"},
				"east": {"uv": [0, 8.75, 2.875, 8.875], "texture": "#2"},
				"south": {"uv": [6, 8.75, 6.25, 8.875], "texture": "#2"},
				"west": {"uv": [3.125, 8.75, 6, 8.875], "texture": "#2"},
				"up": {"uv": [3.125, 8.75, 2.875, 5.875], "texture": "#2"},
				"down": {"uv": [3.375, 5.875, 3.125, 8.75], "texture": "#2"}
			}
		}
	],
	"groups": [
		{
			"name": "Rail",
			"origin": [8, 0.1, 16],
			"color": 0,
			"children": [0, 1, 2]
		}
	]
}