{
	"credit": "Made with Blockbench",
	"ambientocclusion": false,
	"texture_size": [64, 64],
	"textures": {
		"1": "block/3dladder",
		"particle": "block/ladder"
	},
	"elements": [
		{
			"from": [0, 0, 15.25],
			"to": [16, 16, 15.25],
			"shade": false,
			"rotation": {"angle": 0, "axis": "y", "origin": [0, 0, 0.225]},
			"faces": {
				"north": {"uv": [0, 0, 4, 4], "texture": "#1"},
				"south": {"uv": [4, 0, 8, 4], "texture": "#1"}
			}
		},
		{
			"from": [2, 0, 15],
			"to": [4, 16, 16],
			"rotation": {"angle": 0, "axis": "y", "origin": [2, 0, 14]},
			"faces": {
				"north": {"uv": [0.25, 4.25, 0.75, 8.25], "texture": "#1"},
				"east": {"uv": [0, 4.25, 0.25, 8.25], "texture": "#1"},
				"south": {"uv": [1, 4.25, 1.5, 8.25], "texture": "#1"},
				"west": {"uv": [0.75, 4.25, 1, 8.25], "texture": "#1"},
				"up": {"uv": [0.75, 4.25, 0.25, 4], "texture": "#1"},
				"down": {"uv": [1.25, 4, 0.75, 4.25], "texture": "#1"}
			}
		},
		{
			"from": [12, 0, 15],
			"to": [14, 16, 16],
			"rotation": {"angle": 0, "axis": "y", "origin": [12, 0, 14]},
			"faces": {
				"north": {"uv": [0.25, 4.25, 0.75, 8.25], "texture": "#1"},
				"east": {"uv": [0, 4.25, 0.25, 8.25], "texture": "#1"},
				"south": {"uv": [1, 4.25, 1.5, 8.25], "texture": "#1"},
				"west": {"uv": [0.75, 4.25, 1, 8.25], "texture": "#1"},
				"up": {"uv": [0.75, 4.25, 0.25, 4], "texture": "#1"},
				"down": {"uv": [1.25, 4, 0.75, 4.25], "texture": "#1"}
			}
		}
	]
}